{"mean_reward": 283.9833037412319, "std_reward": 15.753270300462914, "is_deterministic": true, "n_eval_episodes": 10, "eval_datetime": "2023-03-14T10:57:33.258765"}