{"mean_reward": 587.5, "std_reward": 92.31061694084815, "is_deterministic": false, "n_eval_episodes": 10, "eval_datetime": "2023-03-15T20:43:13.377362"}